{
  "Logistic Regression": {
    "acc_mean": 0.5039007092198581,
    "acc_std": 0.0971165183059029,
    "ll_mean": 1.0545439739424851,
    "ll_std": 0.0688650780476313
  },
  "Random Forest": {
    "acc_mean": 0.5125886524822695,
    "acc_std": 0.09278387598865818,
    "ll_mean": 1.0564009610509824,
    "ll_std": 0.05275234311145136
  },
  "XGBoost": {
    "acc_mean": 0.4785460992907802,
    "acc_std": 0.08913415247799762,
    "ll_mean": 1.2057588338851928,
    "ll_std": 0.18592286380986386
  }
}